[{"model": "api.anime", "pk": 1, "fields": {"name": "Cowboy Bebop", "year_began": 1997, "year_ended": 1998, "synopsis": "Enter a world in the distant future, where Bounty Hunters roam the solar system. Spike and Jet, bounty hunting partners, set out on journeys in an ever struggling effort to win bounty rewards to survive.\r\n\r\nWhile traveling, they meet up with other very interesting people. Could Faye, the beautiful and ridiculously poor gambler, Edward, the computer genius, and Ein, the engineered dog be a good addition to the group?"}}, {"model": "api.anime", "pk": 2, "fields": {"name": "Serial Experiments Lain", "year_began": 1998, "year_ended": 1998, "synopsis": "Lain Iwakura appears to be an ordinary girl, with almost no experience with computers. Yet the sudden suicide of a schoolmate, and a number of strange occurrences, conspire to pull Lain into the world of the Wired, where she gradually learns that nothing is what it seems to be... not even Lain herself."}}, {"model": "api.anime", "pk": 3, "fields": {"name": "Agent Aika", "year_began": 1997, "year_ended": 1999, "synopsis": "A catastrophic earthquake has left Tokyo, and most of the Earth for that matter, under the sea. Aika is a salvager who retrieves various remains from the watery ruins. When Aika accepts the dangerous mission of locating and obtaining the mysterious Lagu, she discovers that she's not the only one after it."}}, {"model": "api.anime", "pk": 4, "fields": {"name": "FLCL", "year_began": 2003, "year_ended": 2003, "synopsis": "Naota is a normal Japanese 6th grade boy (although a little cynical), but when his older brother leaves for America to play baseball, his brother leaves his homeless 17 year old girlfriend Mamimi behind. Mamimi is sending mixed signals and advances to Naota, and he doesn't know what to do about her. But to make matters worse, Naota's world is totally turned upside down when he is run over by a woman on a Vespa. During their first encounter, she hits him over the head with her bass guitar, which then causes a horn to grow out of his forehead. She calls herself \"Haruko\" and her presence changes Naota's life to even further insanity."}}, {"model": "api.anime", "pk": 5, "fields": {"name": "D-Frag!", "year_began": 2014, "year_ended": 2014, "synopsis": "Kazama Kenji likes to believe he is something of a delinquent. Moreover, others seem to like to agree that he is. Of course, Kenji's gang finds their way to a group of four not-so-normal girls\u2014Chitose, Sakura, Minami and Roka\u2014and all at once, whatever reputation he may have is nothing compared to the outrageous behavior of the girls. Shanghaied into joining their club, what will happen to his everyday life from that point on?"}}, {"model": "api.anime", "pk": 6, "fields": {"name": "Gangsta.", "year_began": 2015, "year_ended": 2015, "synopsis": "In the city of Ergastulum, a shady ville filled with made men and petty thieves, whores on the make and cops on the take, there are some deeds too dirty for even its jaded inhabitants to touch. Enter the \"Handymen,\" Nic and Worick, who take care of the jobs no one else will handle. A new group attempts to muscle in on their block and the cops enlist them to weed out the upstarts no questions asked. The only thing is, there's a witness to the slaughter that they absolutely refuse to silence, so they decide to take her in instead."}}, {"model": "api.anime", "pk": 7, "fields": {"name": "High School of the Dead", "year_began": 2010, "year_ended": 2010, "synopsis": "A mysterious, lethal disease is on the loose worldwide, resulting in a catastrophic death rate of humanity, and the increasing rise of attacks, caused by the living dead.In Japan, several high school students and a school nurse have banded together to escape Fujimi High School shortly after it was attacked by zombies. The group now attempts to figure who or what was responsible for this plague, and in the meantime, attempt to survive the present apocalypse.The story is initially narrated through the eyes of Takashi Komuro, one of the students who had survived in the initial outbreak."}}, {"model": "api.anime", "pk": 8, "fields": {"name": "Love Live! School Idol Project", "year_began": 2013, "year_ended": 2013, "synopsis": "Otonokizaka High School stands on the border of three cities: Akihabara\u2014a pop culture mecca that's evolving by the minute; Kanda\u2014a conservative, cultured city where history and tradition reign supreme; and Jinbo\u2014a quiet area reserved for a more mature, sophisticated population. Amidst this culture clash, the school now faces closure due to the enrollment of fewer and fewer students.\r\n\r\nWith the school planning to close within three years, nine female students come together with one thing in mind\u2014form a pop idol group to revive the school's popularity and keep it from shutting down. \"In order to protect our beloved school, there's only one thing we can do... become pop stars!\"\r\n\r\nTheir goal is simple: Become an overnight sensation and use their nationwide media exposure to promote their school and bring in a wave of new students to the ailing area. A simple but solid plan, they figure. Naturally, they're nervous and wonder if this plan can really succeed, but for better or worse their new journey has begun...\r\n\r\n\"All we can ask for is just a tiny bit of support from you. We truly believe that with your help, we can change the world around us. We will make our dreams come true!\""}}, {"model": "api.anime", "pk": 9, "fields": {"name": "Angel\u2019s Egg", "year_began": 1985, "year_ended": 1985, "synopsis": "In a desolate and dark world full of shadows, lives one little girl who seems to do nothing but collect water in jars and protect a large egg she carries everywhere. A mysterious man enters her life... and they discuss the world around them."}}, {"model": "api.character", "pk": 1, "fields": {"name": "Spike Spiegel", "description": "Cool cowboy on the hunt for his lost love, and revenge against the man who took her from him.", "gender": "M", "anime": 1}}, {"model": "api.character", "pk": 2, "fields": {"name": "Jet", "description": "Strong and gruff man with a robotic arm, he still holds a grudge about the flesh arm he lost many years ago.", "gender": "M", "anime": 1}}, {"model": "api.character", "pk": 3, "fields": {"name": "Faye", "description": "Sexy femme fatale good at fooling men out of their money and surviving on her own. Forms a strange attachment to the Bebop crew.", "gender": "F", "anime": 1}}, {"model": "api.character", "pk": 4, "fields": {"name": "Ed", "description": "Genius computer hacker orphan who falls in with the Bebop crew.", "gender": "F", "anime": 1}}, {"model": "api.character", "pk": 5, "fields": {"name": "Ein", "description": "Genius super-dog.", "gender": "M", "anime": 1}}, {"model": "api.character", "pk": 6, "fields": {"name": "Vicious", "description": "Amoral and ego-driven villain, Spike's mortal enemy.", "gender": "M", "anime": 1}}, {"model": "api.character", "pk": 7, "fields": {"name": "Lain", "description": "Lain is a quiet and introverted young girl, who soon discovers a hidden genius for programming and computers, becoming introduced to the mysterious, new world of the Wired. It is not long until her sense of reality and existence become deeply compromised and intermingled with her dreams, memories and fears. She realises there is no reality, to her or anyone else in her life.", "gender": "F", "anime": 2}}, {"model": "api.character", "pk": 8, "fields": {"name": "Masami Eri", "description": "Masami Eri is the brilliant but egotistical programmer who created the Wired, and Lain. Given over to his delusions of being God, he hopes to merge the Wired with the physical world and rule over the result. His ambitions are stopped in their tracks by Lain and shifty secret agents.", "gender": "M", "anime": 2}}, {"model": "taggit.tag", "pk": 1, "fields": {"name": "drama", "slug": "drama"}}, {"model": "taggit.tag", "pk": 2, "fields": {"name": "adventure", "slug": "adventure"}}, {"model": "taggit.tag", "pk": 3, "fields": {"name": "philosohpical", "slug": "philosohpical"}}, {"model": "taggit.tag", "pk": 4, "fields": {"name": "action", "slug": "action"}}, {"model": "taggit.tag", "pk": 5, "fields": {"name": "dementia", "slug": "dementia"}}, {"model": "taggit.tag", "pk": 6, "fields": {"name": "sci-fi", "slug": "sci-fi"}}, {"model": "taggit.tag", "pk": 7, "fields": {"name": "comedy", "slug": "comedy"}}, {"model": "taggit.tag", "pk": 8, "fields": {"name": "mecha", "slug": "mecha"}}, {"model": "taggit.tag", "pk": 9, "fields": {"name": "school", "slug": "school"}}, {"model": "taggit.tag", "pk": 10, "fields": {"name": "seinen", "slug": "seinen"}}, {"model": "taggit.tag", "pk": 11, "fields": {"name": "ecchi", "slug": "ecchi"}}, {"model": "taggit.tag", "pk": 12, "fields": {"name": "horror", "slug": "horror"}}, {"model": "taggit.tag", "pk": 13, "fields": {"name": "music", "slug": "music"}}, {"model": "taggit.tag", "pk": 14, "fields": {"name": "fantasy", "slug": "fantasy"}}, {"model": "taggit.tag", "pk": 15, "fields": {"name": "existential", "slug": "existential"}}, {"model": "contenttypes.contenttype", "pk": 1, "fields": {"app_label": "api", "model": "anime"}}, {"model": "contenttypes.contenttype", "pk": 2, "fields": {"app_label": "api", "model": "character"}}, {"model": "contenttypes.contenttype", "pk": 3, "fields": {"app_label": "taggit", "model": "tag"}}, {"model": "contenttypes.contenttype", "pk": 4, "fields": {"app_label": "taggit", "model": "taggeditem"}}, {"model": "contenttypes.contenttype", "pk": 5, "fields": {"app_label": "admin", "model": "logentry"}}, {"model": "contenttypes.contenttype", "pk": 6, "fields": {"app_label": "auth", "model": "permission"}}, {"model": "contenttypes.contenttype", "pk": 7, "fields": {"app_label": "auth", "model": "group"}}, {"model": "contenttypes.contenttype", "pk": 8, "fields": {"app_label": "auth", "model": "user"}}, {"model": "contenttypes.contenttype", "pk": 9, "fields": {"app_label": "contenttypes", "model": "contenttype"}}, {"model": "contenttypes.contenttype", "pk": 10, "fields": {"app_label": "sessions", "model": "session"}}, {"model": "sessions.session", "pk": "pe9qumec6i80ur33rhhpghp3hp94yr1b", "fields": {"session_data": "NjA1NDI0ODAyNGJlMTU1OWZmMzNkZjM1NjA0NmU4YmM4NmJkYjY4YTp7Il9hdXRoX3VzZXJfaWQiOiIxIiwiX2F1dGhfdXNlcl9iYWNrZW5kIjoiZGphbmdvLmNvbnRyaWIuYXV0aC5iYWNrZW5kcy5Nb2RlbEJhY2tlbmQiLCJfYXV0aF91c2VyX2hhc2giOiIwNDMwOWY5ODcyMzYzMGZhZmMyNjM3MTExYmZlNmE0MGM3ODc1Yjk2In0=", "expire_date": "2019-01-13T00:04:22.580Z"}}, {"model": "auth.permission", "pk": 1, "fields": {"name": "Can add anime", "content_type": 1, "codename": "add_anime"}}, {"model": "auth.permission", "pk": 2, "fields": {"name": "Can change anime", "content_type": 1, "codename": "change_anime"}}, {"model": "auth.permission", "pk": 3, "fields": {"name": "Can delete anime", "content_type": 1, "codename": "delete_anime"}}, {"model": "auth.permission", "pk": 4, "fields": {"name": "Can add character", "content_type": 2, "codename": "add_character"}}, {"model": "auth.permission", "pk": 5, "fields": {"name": "Can change character", "content_type": 2, "codename": "change_character"}}, {"model": "auth.permission", "pk": 6, "fields": {"name": "Can delete character", "content_type": 2, "codename": "delete_character"}}, {"model": "auth.permission", "pk": 7, "fields": {"name": "Can add Tag", "content_type": 3, "codename": "add_tag"}}, {"model": "auth.permission", "pk": 8, "fields": {"name": "Can change Tag", "content_type": 3, "codename": "change_tag"}}, {"model": "auth.permission", "pk": 9, "fields": {"name": "Can delete Tag", "content_type": 3, "codename": "delete_tag"}}, {"model": "auth.permission", "pk": 10, "fields": {"name": "Can add Tagged Item", "content_type": 4, "codename": "add_taggeditem"}}, {"model": "auth.permission", "pk": 11, "fields": {"name": "Can change Tagged Item", "content_type": 4, "codename": "change_taggeditem"}}, {"model": "auth.permission", "pk": 12, "fields": {"name": "Can delete Tagged Item", "content_type": 4, "codename": "delete_taggeditem"}}, {"model": "auth.permission", "pk": 13, "fields": {"name": "Can add log entry", "content_type": 5, "codename": "add_logentry"}}, {"model": "auth.permission", "pk": 14, "fields": {"name": "Can change log entry", "content_type": 5, "codename": "change_logentry"}}, {"model": "auth.permission", "pk": 15, "fields": {"name": "Can delete log entry", "content_type": 5, "codename": "delete_logentry"}}, {"model": "auth.permission", "pk": 16, "fields": {"name": "Can add permission", "content_type": 6, "codename": "add_permission"}}, {"model": "auth.permission", "pk": 17, "fields": {"name": "Can change permission", "content_type": 6, "codename": "change_permission"}}, {"model": "auth.permission", "pk": 18, "fields": {"name": "Can delete permission", "content_type": 6, "codename": "delete_permission"}}, {"model": "auth.permission", "pk": 19, "fields": {"name": "Can add group", "content_type": 7, "codename": "add_group"}}, {"model": "auth.permission", "pk": 20, "fields": {"name": "Can change group", "content_type": 7, "codename": "change_group"}}, {"model": "auth.permission", "pk": 21, "fields": {"name": "Can delete group", "content_type": 7, "codename": "delete_group"}}, {"model": "auth.permission", "pk": 22, "fields": {"name": "Can add user", "content_type": 8, "codename": "add_user"}}, {"model": "auth.permission", "pk": 23, "fields": {"name": "Can change user", "content_type": 8, "codename": "change_user"}}, {"model": "auth.permission", "pk": 24, "fields": {"name": "Can delete user", "content_type": 8, "codename": "delete_user"}}, {"model": "auth.permission", "pk": 25, "fields": {"name": "Can add content type", "content_type": 9, "codename": "add_contenttype"}}, {"model": "auth.permission", "pk": 26, "fields": {"name": "Can change content type", "content_type": 9, "codename": "change_contenttype"}}, {"model": "auth.permission", "pk": 27, "fields": {"name": "Can delete content type", "content_type": 9, "codename": "delete_contenttype"}}, {"model": "auth.permission", "pk": 28, "fields": {"name": "Can add session", "content_type": 10, "codename": "add_session"}}, {"model": "auth.permission", "pk": 29, "fields": {"name": "Can change session", "content_type": 10, "codename": "change_session"}}, {"model": "auth.permission", "pk": 30, "fields": {"name": "Can delete session", "content_type": 10, "codename": "delete_session"}}, {"model": "taggit.taggeditem", "pk": 1, "fields": {"tag": 1, "content_type": 1, "object_id": 1}}, {"model": "taggit.taggeditem", "pk": 2, "fields": {"tag": 2, "content_type": 1, "object_id": 1}}, {"model": "taggit.taggeditem", "pk": 3, "fields": {"tag": 3, "content_type": 1, "object_id": 1}}, {"model": "taggit.taggeditem", "pk": 4, "fields": {"tag": 4, "content_type": 1, "object_id": 1}}, {"model": "taggit.taggeditem", "pk": 5, "fields": {"tag": 1, "content_type": 1, "object_id": 2}}, {"model": "taggit.taggeditem", "pk": 6, "fields": {"tag": 5, "content_type": 1, "object_id": 2}}, {"model": "taggit.taggeditem", "pk": 7, "fields": {"tag": 6, "content_type": 1, "object_id": 2}}, {"model": "taggit.taggeditem", "pk": 8, "fields": {"tag": 2, "content_type": 1, "object_id": 3}}, {"model": "taggit.taggeditem", "pk": 9, "fields": {"tag": 4, "content_type": 1, "object_id": 3}}, {"model": "taggit.taggeditem", "pk": 10, "fields": {"tag": 7, "content_type": 1, "object_id": 3}}, {"model": "taggit.taggeditem", "pk": 11, "fields": {"tag": 8, "content_type": 1, "object_id": 4}}, {"model": "taggit.taggeditem", "pk": 12, "fields": {"tag": 4, "content_type": 1, "object_id": 4}}, {"model": "taggit.taggeditem", "pk": 13, "fields": {"tag": 6, "content_type": 1, "object_id": 4}}, {"model": "taggit.taggeditem", "pk": 14, "fields": {"tag": 7, "content_type": 1, "object_id": 4}}, {"model": "taggit.taggeditem", "pk": 15, "fields": {"tag": 9, "content_type": 1, "object_id": 5}}, {"model": "taggit.taggeditem", "pk": 16, "fields": {"tag": 10, "content_type": 1, "object_id": 5}}, {"model": "taggit.taggeditem", "pk": 17, "fields": {"tag": 7, "content_type": 1, "object_id": 5}}, {"model": "taggit.taggeditem", "pk": 18, "fields": {"tag": 1, "content_type": 1, "object_id": 6}}, {"model": "taggit.taggeditem", "pk": 19, "fields": {"tag": 10, "content_type": 1, "object_id": 6}}, {"model": "taggit.taggeditem", "pk": 20, "fields": {"tag": 4, "content_type": 1, "object_id": 6}}, {"model": "taggit.taggeditem", "pk": 21, "fields": {"tag": 11, "content_type": 1, "object_id": 7}}, {"model": "taggit.taggeditem", "pk": 22, "fields": {"tag": 4, "content_type": 1, "object_id": 7}}, {"model": "taggit.taggeditem", "pk": 23, "fields": {"tag": 12, "content_type": 1, "object_id": 7}}, {"model": "taggit.taggeditem", "pk": 24, "fields": {"tag": 9, "content_type": 1, "object_id": 8}}, {"model": "taggit.taggeditem", "pk": 25, "fields": {"tag": 13, "content_type": 1, "object_id": 8}}, {"model": "taggit.taggeditem", "pk": 26, "fields": {"tag": 1, "content_type": 1, "object_id": 9}}, {"model": "taggit.taggeditem", "pk": 27, "fields": {"tag": 14, "content_type": 1, "object_id": 9}}, {"model": "taggit.taggeditem", "pk": 28, "fields": {"tag": 15, "content_type": 1, "object_id": 9}}, {"model": "auth.user", "pk": 1, "fields": {"password": "pbkdf2_sha256$100000$LvpRWs6AJwOa$7Too7y22R3ZH1eEkbDXP4RFMEKxH99uvasFWl4fnzFQ=", "last_login": "2018-12-30T00:04:22.554Z", "is_superuser": true, "username": "maetel", "first_name": "", "last_name": "", "email": "maetel@blonde.com", "is_staff": true, "is_active": true, "date_joined": "2018-12-30T00:04:14.794Z", "groups": [], "user_permissions": []}}, {"model": "admin.logentry", "pk": 1, "fields": {"action_time": "2018-12-30T00:06:16.530Z", "user": 1, "content_type": 1, "object_id": "1", "object_repr": "Cowboy Bebop", "action_flag": 1, "change_message": "[{\"added\": {}}]"}}, {"model": "admin.logentry", "pk": 2, "fields": {"action_time": "2018-12-30T00:09:55.402Z", "user": 1, "content_type": 1, "object_id": "2", "object_repr": "Serial Experiments Lain", "action_flag": 1, "change_message": "[{\"added\": {}}]"}}, {"model": "admin.logentry", "pk": 3, "fields": {"action_time": "2018-12-30T00:11:19.499Z", "user": 1, "content_type": 1, "object_id": "3", "object_repr": "Agent Aika", "action_flag": 1, "change_message": "[{\"added\": {}}]"}}, {"model": "admin.logentry", "pk": 4, "fields": {"action_time": "2018-12-30T00:12:27.545Z", "user": 1, "content_type": 1, "object_id": "4", "object_repr": "FLCL", "action_flag": 1, "change_message": "[{\"added\": {}}]"}}, {"model": "admin.logentry", "pk": 5, "fields": {"action_time": "2018-12-30T00:16:31.594Z", "user": 1, "content_type": 1, "object_id": "5", "object_repr": "D-Frag!", "action_flag": 1, "change_message": "[{\"added\": {}}]"}}, {"model": "admin.logentry", "pk": 6, "fields": {"action_time": "2018-12-30T00:25:45.397Z", "user": 1, "content_type": 1, "object_id": "6", "object_repr": "Gangsta.", "action_flag": 1, "change_message": "[{\"added\": {}}]"}}, {"model": "admin.logentry", "pk": 7, "fields": {"action_time": "2018-12-30T00:27:16.146Z", "user": 1, "content_type": 1, "object_id": "7", "object_repr": "High School of the Dead", "action_flag": 1, "change_message": "[{\"added\": {}}]"}}, {"model": "admin.logentry", "pk": 8, "fields": {"action_time": "2018-12-30T00:28:13.066Z", "user": 1, "content_type": 1, "object_id": "8", "object_repr": "Love Live! School Idol Project", "action_flag": 1, "change_message": "[{\"added\": {}}]"}}, {"model": "admin.logentry", "pk": 9, "fields": {"action_time": "2018-12-30T00:30:06.483Z", "user": 1, "content_type": 1, "object_id": "9", "object_repr": "Angel\u2019s Egg", "action_flag": 1, "change_message": "[{\"added\": {}}]"}}, {"model": "admin.logentry", "pk": 10, "fields": {"action_time": "2018-12-30T20:52:47.136Z", "user": 1, "content_type": 2, "object_id": "1", "object_repr": "Spike Spiegel", "action_flag": 1, "change_message": "[{\"added\": {}}]"}}, {"model": "admin.logentry", "pk": 11, "fields": {"action_time": "2018-12-30T20:53:38.773Z", "user": 1, "content_type": 2, "object_id": "2", "object_repr": "Jet", "action_flag": 1, "change_message": "[{\"added\": {}}]"}}, {"model": "admin.logentry", "pk": 12, "fields": {"action_time": "2018-12-30T20:54:35.667Z", "user": 1, "content_type": 2, "object_id": "3", "object_repr": "Faye", "action_flag": 1, "change_message": "[{\"added\": {}}]"}}, {"model": "admin.logentry", "pk": 13, "fields": {"action_time": "2018-12-30T20:55:27.716Z", "user": 1, "content_type": 2, "object_id": "4", "object_repr": "Ed", "action_flag": 1, "change_message": "[{\"added\": {}}]"}}, {"model": "admin.logentry", "pk": 14, "fields": {"action_time": "2018-12-30T20:55:39.441Z", "user": 1, "content_type": 2, "object_id": "5", "object_repr": "Ein", "action_flag": 1, "change_message": "[{\"added\": {}}]"}}, {"model": "admin.logentry", "pk": 15, "fields": {"action_time": "2018-12-30T21:01:58.459Z", "user": 1, "content_type": 2, "object_id": "6", "object_repr": "Vicious", "action_flag": 1, "change_message": "[{\"added\": {}}]"}}, {"model": "admin.logentry", "pk": 16, "fields": {"action_time": "2018-12-30T21:11:22.758Z", "user": 1, "content_type": 2, "object_id": "7", "object_repr": "Lain", "action_flag": 1, "change_message": "[{\"added\": {}}]"}}, {"model": "admin.logentry", "pk": 17, "fields": {"action_time": "2018-12-30T21:15:08.927Z", "user": 1, "content_type": 2, "object_id": "8", "object_repr": "Masami Eri", "action_flag": 1, "change_message": "[{\"added\": {}}]"}}]